{"cameraMode":{"drawMode":0,"name":"Shaded","section":"Shading Mode"},"sceneLighting":false,"audioPlay":false,"sceneViewState":{"showFog":true,"showMaterialUpdate":true,"showSkybox":true,"showFlares":true,"showImageEffects":true,"showParticleSystems":true},"in2DMode":false,"pivot":{"x":702.541259765625,"y":489.103759765625,"z":-900.4691772460938},"rotation":{"x":0.11842573434114456,"y":-0.1454208493232727,"z":0.017536522820591928,"w":0.9821413159370422},"size":1097.9166259765625,"orthographic":true}